Start Time,End Time,Hour,Power Generation KV
2023-05-31T02:06:18.263Z,2023-05-31T03:06:18.263Z,0,0
2023-05-31T03:06:18.263Z,2023-05-31T04:06:18.263Z,1,0
2023-05-31T04:06:18.263Z,2023-05-31T05:06:18.263Z,2,0
2023-05-31T05:06:18.263Z,2023-05-31T06:06:18.263Z,3,1.6800000000000002
2023-05-31T06:06:18.263Z,2023-05-31T07:06:18.263Z,4,26.400000000000002
2023-05-31T07:06:18.263Z,2023-05-31T08:06:18.263Z,5,70.56
2023-05-31T08:06:18.263Z,2023-05-31T09:06:18.263Z,6,117.12
2023-05-31T09:06:18.263Z,2023-05-31T10:06:18.263Z,7,158.88
2023-05-31T10:06:18.263Z,2023-05-31T11:06:18.263Z,8,190.8
2023-05-31T11:06:18.263Z,2023-05-31T12:06:18.263Z,9,210.48
2023-05-31T12:06:18.263Z,2023-05-31T13:06:18.263Z,10,216.72000000000003
2023-05-31T13:06:18.263Z,2023-05-31T14:06:18.263Z,11,207.84
2023-05-31T14:06:18.263Z,2023-05-31T15:06:18.263Z,12,185.04
2023-05-31T15:06:18.263Z,2023-05-31T16:06:18.263Z,13,151.2
2023-05-31T16:06:18.263Z,2023-05-31T17:06:18.263Z,14,109.44000000000001
2023-05-31T17:06:18.263Z,2023-05-31T18:06:18.263Z,15,61.44
2023-05-31T18:06:18.263Z,2023-05-31T19:06:18.263Z,16,16.560000000000002
2023-05-31T19:06:18.263Z,2023-05-31T20:06:18.263Z,17,0.24
2023-05-31T20:06:18.263Z,2023-05-31T21:06:18.263Z,18,0
2023-05-31T21:06:18.263Z,2023-05-31T22:06:18.263Z,19,0
2023-05-31T22:06:18.263Z,2023-05-31T23:06:18.263Z,20,0
2023-05-31T23:06:18.263Z,2023-06-01T00:06:18.263Z,21,0
2023-06-01T00:06:18.263Z,2023-06-01T01:06:18.263Z,22,0
2023-06-01T01:06:18.263Z,2023-06-01T02:06:18.263Z,23,0
2023-06-01T02:06:18.263Z,2023-06-01T03:06:18.263Z,24,0
2023-06-01T03:06:18.263Z,2023-06-01T04:06:18.263Z,25,0
2023-06-01T04:06:18.263Z,2023-06-01T05:06:18.263Z,26,0
2023-06-01T05:06:18.263Z,2023-06-01T06:06:18.263Z,27,1.6800000000000002
2023-06-01T06:06:18.263Z,2023-06-01T07:06:18.263Z,28,26.160000000000004
2023-06-01T07:06:18.263Z,2023-06-01T08:06:18.263Z,29,69.6
2023-06-01T08:06:18.263Z,2023-06-01T09:06:18.263Z,30,115.44
2023-06-01T09:06:18.263Z,2023-06-01T10:06:18.263Z,31,155.76
2023-06-01T10:06:18.263Z,2023-06-01T11:06:18.263Z,32,186.72
2023-06-01T11:06:18.263Z,2023-06-01T12:06:18.263Z,33,205.92000000000002
2023-06-01T12:06:18.263Z,2023-06-01T13:06:18.263Z,34,211.68
2023-06-01T13:06:18.263Z,2023-06-01T14:06:18.263Z,35,203.76
2023-06-01T14:06:18.263Z,2023-06-01T15:06:18.263Z,36,176.16
2023-06-01T15:06:18.263Z,2023-06-01T16:06:18.263Z,37,125.28000000000002
2023-06-01T16:06:18.263Z,2023-06-01T17:06:18.263Z,38,102.47999999999999
2023-06-01T17:06:18.263Z,2023-06-01T18:06:18.263Z,39,60.96
2023-06-01T18:06:18.263Z,2023-06-01T19:06:18.263Z,40,19.44
2023-06-01T19:06:18.263Z,2023-06-01T20:06:18.263Z,41,0.72
2023-06-01T20:06:18.263Z,2023-06-01T21:06:18.263Z,42,0
2023-06-01T21:06:18.263Z,2023-06-01T22:06:18.263Z,43,0
2023-06-01T22:06:18.263Z,2023-06-01T23:06:18.263Z,44,0
2023-06-01T23:06:18.263Z,2023-06-02T00:06:18.263Z,45,0
2023-06-02T00:06:18.263Z,2023-06-02T01:06:18.263Z,46,0
2023-06-02T01:06:18.263Z,2023-06-02T02:06:18.263Z,47,0
2023-06-02T02:06:18.263Z,2023-06-02T03:06:18.263Z,48,0
2023-06-02T03:06:18.263Z,2023-06-02T04:06:18.263Z,49,0
2023-06-02T04:06:18.263Z,2023-06-02T05:06:18.263Z,50,0
2023-06-02T05:06:18.263Z,2023-06-02T06:06:18.263Z,51,0
2023-06-02T06:06:18.263Z,2023-06-02T07:06:18.263Z,52,6.24
2023-06-02T07:06:18.263Z,2023-06-02T08:06:18.263Z,53,24.48
2023-06-02T08:06:18.263Z,2023-06-02T09:06:18.263Z,54,16.8
2023-06-02T09:06:18.263Z,2023-06-02T10:06:18.263Z,55,8.64
2023-06-02T10:06:18.263Z,2023-06-02T11:06:18.263Z,56,50.16
2023-06-02T11:06:18.263Z,2023-06-02T12:06:18.263Z,57,131.52
2023-06-02T12:06:18.263Z,2023-06-02T13:06:18.263Z,58,191.04000000000002
2023-06-02T13:06:18.263Z,2023-06-02T14:06:18.263Z,59,189.12
2023-06-02T14:06:18.263Z,2023-06-02T15:06:18.263Z,60,174.48
2023-06-02T15:06:18.263Z,2023-06-02T16:06:18.263Z,61,114.47999999999999
2023-06-02T16:06:18.263Z,2023-06-02T17:06:18.263Z,62,57.599999999999994
2023-06-02T17:06:18.263Z,2023-06-02T18:06:18.263Z,63,33.36
2023-06-02T18:06:18.263Z,2023-06-02T19:06:18.263Z,64,14.879999999999999
2023-06-02T19:06:18.263Z,2023-06-02T20:06:18.263Z,65,0.48
2023-06-02T20:06:18.263Z,2023-06-02T21:06:18.263Z,66,0
2023-06-02T21:06:18.263Z,2023-06-02T22:06:18.263Z,67,0
2023-06-02T22:06:18.263Z,2023-06-02T23:06:18.263Z,68,0
2023-06-02T23:06:18.263Z,2023-06-03T00:06:18.263Z,69,0
2023-06-03T00:06:18.263Z,2023-06-03T01:06:18.263Z,70,0
2023-06-03T01:06:18.263Z,2023-06-03T02:06:18.263Z,71,0
2023-06-03T02:06:18.263Z,2023-06-03T03:06:18.263Z,72,0
2023-06-03T03:06:18.263Z,2023-06-03T04:06:18.263Z,73,0
2023-06-03T04:06:18.263Z,2023-06-03T05:06:18.263Z,74,0
2023-06-03T05:06:18.263Z,2023-06-03T06:06:18.263Z,75,0.24
2023-06-03T06:06:18.263Z,2023-06-03T07:06:18.263Z,76,11.04
2023-06-03T07:06:18.263Z,2023-06-03T08:06:18.263Z,77,48.720000000000006
2023-06-03T08:06:18.263Z,2023-06-03T09:06:18.263Z,78,109.68
2023-06-03T09:06:18.263Z,2023-06-03T10:06:18.263Z,79,152.39999999999998
2023-06-03T10:06:18.263Z,2023-06-03T11:06:18.263Z,80,160.32000000000002
2023-06-03T11:06:18.263Z,2023-06-03T12:06:18.263Z,81,151.44
2023-06-03T12:06:18.263Z,2023-06-03T13:06:18.263Z,82,141.35999999999999
2023-06-03T13:06:18.263Z,2023-06-03T14:06:18.263Z,83,172.79999999999998
2023-06-03T14:06:18.263Z,2023-06-03T15:06:18.263Z,84,115.44
2023-06-03T15:06:18.263Z,2023-06-03T16:06:18.263Z,85,91.19999999999999
2023-06-03T16:06:18.263Z,2023-06-03T17:06:18.263Z,86,87.35999999999999
2023-06-03T17:06:18.263Z,2023-06-03T18:06:18.263Z,87,52.32000000000001
2023-06-03T18:06:18.263Z,2023-06-03T19:06:18.263Z,88,18.96
2023-06-03T19:06:18.263Z,2023-06-03T20:06:18.263Z,89,0.72
2023-06-03T20:06:18.263Z,2023-06-03T21:06:18.263Z,90,0
2023-06-03T21:06:18.263Z,2023-06-03T22:06:18.263Z,91,0
2023-06-03T22:06:18.263Z,2023-06-03T23:06:18.263Z,92,0
2023-06-03T23:06:18.263Z,2023-06-04T00:06:18.263Z,93,0
2023-06-04T00:06:18.263Z,2023-06-04T01:06:18.263Z,94,0
2023-06-04T01:06:18.263Z,2023-06-04T02:06:18.263Z,95,0
2023-06-04T02:06:18.263Z,2023-06-04T03:06:18.263Z,96,0
2023-06-04T03:06:18.263Z,2023-06-04T04:06:18.263Z,97,0
2023-06-04T04:06:18.263Z,2023-06-04T05:06:18.263Z,98,0
2023-06-04T05:06:18.263Z,2023-06-04T06:06:18.263Z,99,1.6800000000000002
2023-06-04T06:06:18.263Z,2023-06-04T07:06:18.263Z,100,25.200000000000003
2023-06-04T07:06:18.263Z,2023-06-04T08:06:18.263Z,101,67.91999999999999
2023-06-04T08:06:18.263Z,2023-06-04T09:06:18.263Z,102,113.03999999999999
2023-06-04T09:06:18.263Z,2023-06-04T10:06:18.263Z,103,154.56
2023-06-04T10:06:18.263Z,2023-06-04T11:06:18.263Z,104,186.48000000000002
2023-06-04T11:06:18.263Z,2023-06-04T12:06:18.263Z,105,206.64
2023-06-04T12:06:18.263Z,2023-06-04T13:06:18.263Z,106,212.88000000000002
2023-06-04T13:06:18.263Z,2023-06-04T14:06:18.263Z,107,204.24
2023-06-04T14:06:18.263Z,2023-06-04T15:06:18.263Z,108,182.64000000000001
2023-06-04T15:06:18.263Z,2023-06-04T16:06:18.263Z,109,149.28
2023-06-04T16:06:18.263Z,2023-06-04T17:06:18.263Z,110,107.28
2023-06-04T17:06:18.263Z,2023-06-04T18:06:18.263Z,111,61.68000000000001
2023-06-04T18:06:18.263Z,2023-06-04T19:06:18.263Z,112,19.92
2023-06-04T19:06:18.263Z,2023-06-04T20:06:18.263Z,113,0.72
2023-06-04T20:06:18.263Z,2023-06-04T21:06:18.263Z,114,0
2023-06-04T21:06:18.263Z,2023-06-04T22:06:18.263Z,115,0
2023-06-04T22:06:18.263Z,2023-06-04T23:06:18.263Z,116,0
2023-06-04T23:06:18.263Z,2023-06-05T00:06:18.263Z,117,0
2023-06-05T00:06:18.263Z,2023-06-05T01:06:18.263Z,118,0
2023-06-05T01:06:18.263Z,2023-06-05T02:06:18.263Z,119,0
2023-06-05T02:06:18.263Z,2023-06-05T03:06:18.263Z,120,0
2023-06-05T03:06:18.263Z,2023-06-05T04:06:18.263Z,121,0
2023-06-05T04:06:18.263Z,2023-06-05T05:06:18.263Z,122,0
2023-06-05T05:06:18.263Z,2023-06-05T06:06:18.263Z,123,1.6800000000000002
2023-06-05T06:06:18.263Z,2023-06-05T07:06:18.263Z,124,25.92
2023-06-05T07:06:18.263Z,2023-06-05T08:06:18.263Z,125,69.35999999999999
2023-06-05T08:06:18.263Z,2023-06-05T09:06:18.263Z,126,115.92
2023-06-05T09:06:18.263Z,2023-06-05T10:06:18.263Z,127,157.68
2023-06-05T10:06:18.263Z,2023-06-05T11:06:18.263Z,128,189.60000000000002
2023-06-05T11:06:18.263Z,2023-06-05T12:06:18.263Z,129,209.28000000000003
2023-06-05T12:06:18.263Z,2023-06-05T13:06:18.263Z,130,215.76
2023-06-05T13:06:18.263Z,2023-06-05T14:06:18.263Z,131,207.60000000000002
2023-06-05T14:06:18.263Z,2023-06-05T15:06:18.263Z,132,186
2023-06-05T15:06:18.263Z,2023-06-05T16:06:18.263Z,133,152.64000000000001
2023-06-05T16:06:18.263Z,2023-06-05T17:06:18.263Z,134,110.4
2023-06-05T17:06:18.263Z,2023-06-05T18:06:18.263Z,135,64.08
2023-06-05T18:06:18.263Z,2023-06-05T19:06:18.263Z,136,21.36
2023-06-05T19:06:18.263Z,2023-06-05T20:06:18.263Z,137,0.96
2023-06-05T20:06:18.263Z,2023-06-05T21:06:18.263Z,138,0
2023-06-05T21:06:18.263Z,2023-06-05T22:06:18.263Z,139,0
2023-06-05T22:06:18.263Z,2023-06-05T23:06:18.263Z,140,0
2023-06-05T23:06:18.263Z,2023-06-06T00:06:18.263Z,141,0
2023-06-06T00:06:18.263Z,2023-06-06T01:06:18.263Z,142,0
2023-06-06T01:06:18.263Z,2023-06-06T02:06:18.263Z,143,0
2023-06-06T02:06:18.263Z,2023-06-06T03:06:18.263Z,144,0
2023-06-06T03:06:18.263Z,2023-06-06T04:06:18.263Z,145,0
2023-06-06T04:06:18.263Z,2023-06-06T05:06:18.263Z,146,0
2023-06-06T05:06:18.263Z,2023-06-06T06:06:18.263Z,147,1.92
2023-06-06T06:06:18.263Z,2023-06-06T07:06:18.263Z,148,25.92
2023-06-06T07:06:18.263Z,2023-06-06T08:06:18.263Z,149,69.12
2023-06-06T08:06:18.263Z,2023-06-06T09:06:18.263Z,150,115.19999999999999
2023-06-06T09:06:18.263Z,2023-06-06T10:06:18.263Z,151,156.72
2023-06-06T10:06:18.263Z,2023-06-06T11:06:18.263Z,152,189.12
2023-06-06T11:06:18.263Z,2023-06-06T12:06:18.263Z,153,208.56
2023-06-06T12:06:18.263Z,2023-06-06T13:06:18.263Z,154,214.32
2023-06-06T13:06:18.263Z,2023-06-06T14:06:18.263Z,155,205.68
2023-06-06T14:06:18.263Z,2023-06-06T15:06:18.263Z,156,180.96
2023-06-06T15:06:18.263Z,2023-06-06T16:06:18.263Z,157,143.51999999999998
2023-06-06T16:06:18.263Z,2023-06-06T17:06:18.263Z,158,101.51999999999998
2023-06-06T17:06:18.263Z,2023-06-06T18:06:18.263Z,159,61.44
2023-06-06T18:06:18.263Z,2023-06-06T19:06:18.263Z,160,21.599999999999998
2023-06-06T19:06:18.263Z,2023-06-06T20:06:18.263Z,161,0.96
2023-06-06T20:06:18.263Z,2023-06-06T21:06:18.263Z,162,0
2023-06-06T21:06:18.263Z,2023-06-06T22:06:18.263Z,163,0
2023-06-06T22:06:18.263Z,2023-06-06T23:06:18.263Z,164,0
2023-06-06T23:06:18.263Z,2023-06-07T00:06:18.263Z,165,0
2023-06-07T00:06:18.263Z,2023-06-07T01:06:18.263Z,166,0
2023-06-07T01:06:18.263Z,2023-06-07T02:06:18.263Z,167,0
2023-06-07T02:06:18.263Z,2023-06-07T03:06:18.263Z,168,0
2023-06-07T03:06:18.263Z,2023-06-07T04:06:18.263Z,169,0
2023-06-07T04:06:18.263Z,2023-06-07T05:06:18.263Z,170,0
2023-06-07T05:06:18.263Z,2023-06-07T06:06:18.263Z,171,1.6800000000000002
2023-06-07T06:06:18.263Z,2023-06-07T07:06:18.263Z,172,25.44
2023-06-07T07:06:18.263Z,2023-06-07T08:06:18.263Z,173,68.16
2023-06-07T08:06:18.263Z,2023-06-07T09:06:18.263Z,174,113.76
2023-06-07T09:06:18.263Z,2023-06-07T10:06:18.263Z,175,155.04
2023-06-07T10:06:18.263Z,2023-06-07T11:06:18.263Z,176,186.72
2023-06-07T11:06:18.263Z,2023-06-07T12:06:18.263Z,177,194.16
2023-06-07T12:06:18.263Z,2023-06-07T13:06:18.263Z,178,148.32
2023-06-07T13:06:18.263Z,2023-06-07T14:06:18.263Z,179,135.11999999999998
2023-06-07T14:06:18.263Z,2023-06-07T15:06:18.263Z,180,142.32
2023-06-07T15:06:18.263Z,2023-06-07T16:06:18.263Z,181,118.08
2023-06-07T16:06:18.263Z,2023-06-07T17:06:18.263Z,182,81.60000000000001
2023-06-07T17:06:18.263Z,2023-06-07T18:06:18.263Z,183,42
2023-06-07T18:06:18.263Z,2023-06-07T19:06:18.263Z,184,13.200000000000001
2023-06-07T19:06:18.263Z,2023-06-07T20:06:18.263Z,185,0.48
2023-06-07T20:06:18.263Z,2023-06-07T21:06:18.263Z,186,0
2023-06-07T21:06:18.263Z,2023-06-07T22:06:18.263Z,187,0
2023-06-07T22:06:18.263Z,2023-06-07T23:06:18.263Z,188,0
2023-06-07T23:06:18.263Z,2023-06-08T00:06:18.263Z,189,0
2023-06-08T00:06:18.263Z,2023-06-08T01:06:18.263Z,190,0
2023-06-08T01:06:18.263Z,2023-06-08T02:06:18.263Z,191,0
2023-06-08T02:06:18.263Z,2023-06-08T03:06:18.263Z,192,0
2023-06-08T03:06:18.263Z,2023-06-08T04:06:18.263Z,193,0
2023-06-08T04:06:18.263Z,2023-06-08T05:06:18.263Z,194,0
2023-06-08T05:06:18.263Z,2023-06-08T06:06:18.263Z,195,1.92
2023-06-08T06:06:18.263Z,2023-06-08T07:06:18.263Z,196,26.400000000000002
2023-06-08T07:06:18.263Z,2023-06-08T08:06:18.263Z,197,69.83999999999999
2023-06-08T08:06:18.263Z,2023-06-08T09:06:18.263Z,198,115.44
2023-06-08T09:06:18.263Z,2023-06-08T10:06:18.263Z,199,155.76
2023-06-08T10:06:18.263Z,2023-06-08T11:06:18.263Z,200,181.68
2023-06-08T11:06:18.263Z,2023-06-08T12:06:18.263Z,201,193.44
2023-06-08T12:06:18.263Z,2023-06-08T13:06:18.263Z,202,203.27999999999997
2023-06-08T13:06:18.263Z,2023-06-08T14:06:18.263Z,203,164.64000000000001
2023-06-08T14:06:18.263Z,2023-06-08T15:06:18.263Z,204,138.24
2023-06-08T15:06:18.263Z,2023-06-08T16:06:18.263Z,205,75.12
2023-06-08T16:06:18.263Z,2023-06-08T17:06:18.263Z,206,13.920000000000002
2023-06-08T17:06:18.263Z,2023-06-08T18:06:18.263Z,207,0.72
2023-06-08T18:06:18.263Z,2023-06-08T19:06:18.263Z,208,0
2023-06-08T19:06:18.263Z,2023-06-08T20:06:18.263Z,209,0
2023-06-08T20:06:18.263Z,2023-06-08T21:06:18.263Z,210,0
2023-06-08T21:06:18.263Z,2023-06-08T22:06:18.263Z,211,0
2023-06-08T22:06:18.263Z,2023-06-08T23:06:18.263Z,212,0
2023-06-08T23:06:18.263Z,2023-06-09T00:06:18.263Z,213,0
2023-06-09T00:06:18.263Z,2023-06-09T01:06:18.263Z,214,0
2023-06-09T01:06:18.263Z,2023-06-09T02:06:18.263Z,215,0
2023-06-09T02:06:18.263Z,2023-06-09T03:06:18.263Z,216,0
2023-06-09T03:06:18.263Z,2023-06-09T04:06:18.263Z,217,0
2023-06-09T04:06:18.263Z,2023-06-09T05:06:18.263Z,218,0
2023-06-09T05:06:18.263Z,2023-06-09T06:06:18.263Z,219,0.48
2023-06-09T06:06:18.263Z,2023-06-09T07:06:18.263Z,220,10.559999999999999
2023-06-09T07:06:18.263Z,2023-06-09T08:06:18.263Z,221,44.400000000000006
2023-06-09T08:06:18.263Z,2023-06-09T09:06:18.263Z,222,106.32
2023-06-09T09:06:18.263Z,2023-06-09T10:06:18.263Z,223,145.2
2023-06-09T10:06:18.263Z,2023-06-09T11:06:18.263Z,224,178.8
2023-06-09T11:06:18.263Z,2023-06-09T12:06:18.263Z,225,193.92000000000002
2023-06-09T12:06:18.263Z,2023-06-09T13:06:18.263Z,226,206.88
2023-06-09T13:06:18.263Z,2023-06-09T14:06:18.263Z,227,179.52
2023-06-09T14:06:18.263Z,2023-06-09T15:06:18.263Z,228,125.03999999999999
2023-06-09T15:06:18.263Z,2023-06-09T16:06:18.263Z,229,95.52000000000001
2023-06-09T16:06:18.263Z,2023-06-09T17:06:18.263Z,230,77.76
2023-06-09T17:06:18.263Z,2023-06-09T18:06:18.263Z,231,29.759999999999998
2023-06-09T18:06:18.263Z,2023-06-09T19:06:18.263Z,232,15.600000000000001
2023-06-09T19:06:18.263Z,2023-06-09T20:06:18.263Z,233,0.96
2023-06-09T20:06:18.263Z,2023-06-09T21:06:18.263Z,234,0
2023-06-09T21:06:18.263Z,2023-06-09T22:06:18.263Z,235,0
2023-06-09T22:06:18.263Z,2023-06-09T23:06:18.263Z,236,0
2023-06-09T23:06:18.263Z,2023-06-10T00:06:18.263Z,237,0
2023-06-10T00:06:18.263Z,2023-06-10T01:06:18.263Z,238,0
2023-06-10T01:06:18.263Z,2023-06-10T02:06:18.263Z,239,0
2023-06-10T02:06:18.263Z,2023-06-10T03:06:18.263Z,240,0
2023-06-10T03:06:18.263Z,2023-06-10T04:06:18.263Z,241,0
2023-06-10T04:06:18.263Z,2023-06-10T05:06:18.263Z,242,0
2023-06-10T05:06:18.263Z,2023-06-10T06:06:18.263Z,243,0.96
2023-06-10T06:06:18.263Z,2023-06-10T07:06:18.263Z,244,13.440000000000001
2023-06-10T07:06:18.263Z,2023-06-10T08:06:18.263Z,245,40.080000000000005
2023-06-10T08:06:18.263Z,2023-06-10T09:06:18.263Z,246,81.84
2023-06-10T09:06:18.263Z,2023-06-10T10:06:18.263Z,247,83.51999999999998
2023-06-10T10:06:18.263Z,2023-06-10T11:06:18.263Z,248,102
2023-06-10T11:06:18.263Z,2023-06-10T12:06:18.263Z,249,124.56
2023-06-10T12:06:18.263Z,2023-06-10T13:06:18.263Z,250,130.8
2023-06-10T13:06:18.263Z,2023-06-10T14:06:18.263Z,251,118.08
2023-06-10T14:06:18.263Z,2023-06-10T15:06:18.263Z,252,81.36
2023-06-10T15:06:18.263Z,2023-06-10T16:06:18.263Z,253,64.56
2023-06-10T16:06:18.263Z,2023-06-10T17:06:18.263Z,254,62.64000000000001
2023-06-10T17:06:18.263Z,2023-06-10T18:06:18.263Z,255,34.08
2023-06-10T18:06:18.263Z,2023-06-10T19:06:18.263Z,256,16.560000000000002
2023-06-10T19:06:18.263Z,2023-06-10T20:06:18.263Z,257,0.96
2023-06-10T20:06:18.263Z,2023-06-10T21:06:18.263Z,258,0
2023-06-10T21:06:18.263Z,2023-06-10T22:06:18.263Z,259,0
2023-06-10T22:06:18.263Z,2023-06-10T23:06:18.263Z,260,0
2023-06-10T23:06:18.263Z,2023-06-11T00:06:18.263Z,261,0
2023-06-11T00:06:18.263Z,2023-06-11T01:06:18.263Z,262,0
2023-06-11T01:06:18.263Z,2023-06-11T02:06:18.263Z,263,0
2023-06-11T02:06:18.263Z,2023-06-11T03:06:18.263Z,264,0
2023-06-11T03:06:18.263Z,2023-06-11T04:06:18.263Z,265,0
2023-06-11T04:06:18.263Z,2023-06-11T05:06:18.263Z,266,0
2023-06-11T05:06:18.263Z,2023-06-11T06:06:18.263Z,267,1.44
2023-06-11T06:06:18.263Z,2023-06-11T07:06:18.263Z,268,21.839999999999996
2023-06-11T07:06:18.263Z,2023-06-11T08:06:18.263Z,269,66
2023-06-11T08:06:18.263Z,2023-06-11T09:06:18.263Z,270,101.76
2023-06-11T09:06:18.263Z,2023-06-11T10:06:18.263Z,271,95.03999999999999
2023-06-11T10:06:18.263Z,2023-06-11T11:06:18.263Z,272,108.72
2023-06-11T11:06:18.263Z,2023-06-11T12:06:18.263Z,273,100.32
2023-06-11T12:06:18.263Z,2023-06-11T13:06:18.263Z,274,106.32
2023-06-11T13:06:18.263Z,2023-06-11T14:06:18.263Z,275,128.88
2023-06-11T14:06:18.263Z,2023-06-11T15:06:18.263Z,276,159.36
2023-06-11T15:06:18.263Z,2023-06-11T16:06:18.263Z,277,145.92000000000002
2023-06-11T16:06:18.263Z,2023-06-11T17:06:18.263Z,278,108.48000000000002
2023-06-11T17:06:18.263Z,2023-06-11T18:06:18.263Z,279,63.84
2023-06-11T18:06:18.263Z,2023-06-11T19:06:18.263Z,280,20.160000000000004
2023-06-11T19:06:18.263Z,2023-06-11T20:06:18.263Z,281,0.96
2023-06-11T20:06:18.263Z,2023-06-11T21:06:18.263Z,282,0
2023-06-11T21:06:18.263Z,2023-06-11T22:06:18.263Z,283,0
2023-06-11T22:06:18.263Z,2023-06-11T23:06:18.263Z,284,0
2023-06-11T23:06:18.263Z,2023-06-12T00:06:18.263Z,285,0
2023-06-12T00:06:18.263Z,2023-06-12T01:06:18.263Z,286,0
2023-06-12T01:06:18.263Z,2023-06-12T02:06:18.263Z,287,0
2023-06-12T02:06:18.263Z,2023-06-12T03:06:18.263Z,288,0
2023-06-12T03:06:18.263Z,2023-06-12T04:06:18.263Z,289,0
2023-06-12T04:06:18.263Z,2023-06-12T05:06:18.263Z,290,0
2023-06-12T05:06:18.263Z,2023-06-12T06:06:18.263Z,291,1.6800000000000002
2023-06-12T06:06:18.263Z,2023-06-12T07:06:18.263Z,292,24.48
2023-06-12T07:06:18.263Z,2023-06-12T08:06:18.263Z,293,67.2
2023-06-12T08:06:18.263Z,2023-06-12T09:06:18.263Z,294,112.79999999999998
2023-06-12T09:06:18.263Z,2023-06-12T10:06:18.263Z,295,154.07999999999998
2023-06-12T10:06:18.263Z,2023-06-12T11:06:18.263Z,296,186
2023-06-12T11:06:18.263Z,2023-06-12T12:06:18.263Z,297,204.95999999999998
2023-06-12T12:06:18.263Z,2023-06-12T13:06:18.263Z,298,211.20000000000002
2023-06-12T13:06:18.263Z,2023-06-12T14:06:18.263Z,299,203.27999999999997
2023-06-12T14:06:18.263Z,2023-06-12T15:06:18.263Z,300,182.64000000000001
2023-06-12T15:06:18.263Z,2023-06-12T16:06:18.263Z,301,144
2023-06-12T16:06:18.263Z,2023-06-12T17:06:18.263Z,302,35.76
2023-06-12T17:06:18.263Z,2023-06-12T18:06:18.263Z,303,31.44
2023-06-12T18:06:18.263Z,2023-06-12T19:06:18.263Z,304,16.32
2023-06-12T19:06:18.263Z,2023-06-12T20:06:18.263Z,305,0.72
2023-06-12T20:06:18.263Z,2023-06-12T21:06:18.263Z,306,0
2023-06-12T21:06:18.263Z,2023-06-12T22:06:18.263Z,307,0
2023-06-12T22:06:18.263Z,2023-06-12T23:06:18.263Z,308,0
2023-06-12T23:06:18.263Z,2023-06-13T00:06:18.263Z,309,0
2023-06-13T00:06:18.263Z,2023-06-13T01:06:18.263Z,310,0
2023-06-13T01:06:18.263Z,2023-06-13T02:06:18.263Z,311,0
2023-06-13T02:06:18.263Z,2023-06-13T03:06:18.263Z,312,0
2023-06-13T03:06:18.263Z,2023-06-13T04:06:18.263Z,313,0
2023-06-13T04:06:18.263Z,2023-06-13T05:06:18.263Z,314,0
2023-06-13T05:06:18.263Z,2023-06-13T06:06:18.263Z,315,1.44
2023-06-13T06:06:18.263Z,2023-06-13T07:06:18.263Z,316,22.799999999999997
2023-06-13T07:06:18.263Z,2023-06-13T08:06:18.263Z,317,65.52000000000001
2023-06-13T08:06:18.263Z,2023-06-13T09:06:18.263Z,318,110.64000000000001
2023-06-13T09:06:18.263Z,2023-06-13T10:06:18.263Z,319,151.68
2023-06-13T10:06:18.263Z,2023-06-13T11:06:18.263Z,320,183.36
2023-06-13T11:06:18.263Z,2023-06-13T12:06:18.263Z,321,193.44
2023-06-13T12:06:18.263Z,2023-06-13T13:06:18.263Z,322,203.76
2023-06-13T13:06:18.263Z,2023-06-13T14:06:18.263Z,323,178.56
2023-06-13T14:06:18.263Z,2023-06-13T15:06:18.263Z,324,132.48000000000002
2023-06-13T15:06:18.263Z,2023-06-13T16:06:18.263Z,325,115.19999999999999
2023-06-13T16:06:18.263Z,2023-06-13T17:06:18.263Z,326,69.6
2023-06-13T17:06:18.263Z,2023-06-13T18:06:18.263Z,327,47.28
2023-06-13T18:06:18.263Z,2023-06-13T19:06:18.263Z,328,19.44
2023-06-13T19:06:18.263Z,2023-06-13T20:06:18.263Z,329,0.96
2023-06-13T20:06:18.263Z,2023-06-13T21:06:18.263Z,330,0
2023-06-13T21:06:18.263Z,2023-06-13T22:06:18.263Z,331,0
2023-06-13T22:06:18.263Z,2023-06-13T23:06:18.263Z,332,0
2023-06-13T23:06:18.263Z,2023-06-14T00:06:18.263Z,333,0
2023-06-14T00:06:18.263Z,2023-06-14T01:06:18.263Z,334,0
2023-06-14T01:06:18.263Z,2023-06-14T02:06:18.263Z,335,0
2023-06-14T02:06:18.263Z,2023-06-14T03:06:18.263Z,336,0
2023-06-14T03:06:18.263Z,2023-06-14T04:06:18.263Z,337,0
2023-06-14T04:06:18.263Z,2023-06-14T05:06:18.263Z,338,0
2023-06-14T05:06:18.263Z,2023-06-14T06:06:18.263Z,339,1.6800000000000002
2023-06-14T06:06:18.263Z,2023-06-14T07:06:18.263Z,340,25.68
2023-06-14T07:06:18.263Z,2023-06-14T08:06:18.263Z,341,68.64
2023-06-14T08:06:18.263Z,2023-06-14T09:06:18.263Z,342,114
2023-06-14T09:06:18.263Z,2023-06-14T10:06:18.263Z,343,154.8
2023-06-14T10:06:18.263Z,2023-06-14T11:06:18.263Z,344,186.72
2023-06-14T11:06:18.263Z,2023-06-14T12:06:18.263Z,345,206.88
2023-06-14T12:06:18.263Z,2023-06-14T13:06:18.263Z,346,213.60000000000002
2023-06-14T13:06:18.263Z,2023-06-14T14:06:18.263Z,347,205.68
2023-06-14T14:06:18.263Z,2023-06-14T15:06:18.263Z,348,183.84
2023-06-14T15:06:18.263Z,2023-06-14T16:06:18.263Z,349,150.96
2023-06-14T16:06:18.263Z,2023-06-14T17:06:18.263Z,350,104.16
2023-06-14T17:06:18.263Z,2023-06-14T18:06:18.263Z,351,58.08
2023-06-14T18:06:18.263Z,2023-06-14T19:06:18.263Z,352,21.599999999999998
2023-06-14T19:06:18.263Z,2023-06-14T20:06:18.263Z,353,1.2000000000000002
2023-06-14T20:06:18.263Z,2023-06-14T21:06:18.263Z,354,0
2023-06-14T21:06:18.263Z,2023-06-14T22:06:18.263Z,355,0
2023-06-14T22:06:18.263Z,2023-06-14T23:06:18.263Z,356,0
2023-06-14T23:06:18.263Z,2023-06-15T00:06:18.263Z,357,0
2023-06-15T00:06:18.263Z,2023-06-15T01:06:18.263Z,358,0
2023-06-15T01:06:18.263Z,2023-06-15T02:06:18.263Z,359,0
2023-06-15T02:06:18.263Z,2023-06-15T03:06:18.263Z,360,0
2023-06-15T03:06:18.263Z,2023-06-15T04:06:18.263Z,361,0
2023-06-15T04:06:18.263Z,2023-06-15T05:06:18.263Z,362,0
2023-06-15T05:06:18.263Z,2023-06-15T06:06:18.263Z,363,1.6800000000000002
2023-06-15T06:06:18.263Z,2023-06-15T07:06:18.263Z,364,24.72
2023-06-15T07:06:18.263Z,2023-06-15T08:06:18.263Z,365,66.72
2023-06-15T08:06:18.263Z,2023-06-15T09:06:18.263Z,366,111.12
2023-06-15T09:06:18.263Z,2023-06-15T10:06:18.263Z,367,149.04
2023-06-15T10:06:18.263Z,2023-06-15T11:06:18.263Z,368,174
2023-06-15T11:06:18.263Z,2023-06-15T12:06:18.263Z,369,191.52
2023-06-15T12:06:18.263Z,2023-06-15T13:06:18.263Z,370,135.35999999999999
2023-06-15T13:06:18.263Z,2023-06-15T14:06:18.263Z,371,152.39999999999998
2023-06-15T14:06:18.263Z,2023-06-15T15:06:18.263Z,372,117.35999999999999
2023-06-15T15:06:18.263Z,2023-06-15T16:06:18.263Z,373,109.44000000000001
2023-06-15T16:06:18.263Z,2023-06-15T17:06:18.263Z,374,89.52
2023-06-15T17:06:18.263Z,2023-06-15T18:06:18.263Z,375,58.800000000000004
2023-06-15T18:06:18.263Z,2023-06-15T19:06:18.263Z,376,21.119999999999997
2023-06-15T19:06:18.263Z,2023-06-15T20:06:18.263Z,377,1.2000000000000002
2023-06-15T20:06:18.263Z,2023-06-15T21:06:18.263Z,378,0
2023-06-15T21:06:18.263Z,2023-06-15T22:06:18.263Z,379,0
2023-06-15T22:06:18.263Z,2023-06-15T23:06:18.263Z,380,0
2023-06-15T23:06:18.263Z,2023-06-16T00:06:18.263Z,381,0
2023-06-16T00:06:18.263Z,2023-06-16T01:06:18.263Z,382,0
2023-06-16T01:06:18.263Z,2023-06-16T02:06:18.263Z,383,0
2023-06-16T02:06:18.263Z,2023-06-16T03:06:18.263Z,384,0
2023-06-16T03:06:18.263Z,2023-06-16T04:06:18.263Z,385,0
2023-06-16T04:06:18.263Z,2023-06-16T05:06:18.263Z,386,0
2023-06-16T05:06:18.263Z,2023-06-16T06:06:18.263Z,387,1.6800000000000002
2023-06-16T06:06:18.263Z,2023-06-16T07:06:18.263Z,388,24.240000000000002
2023-06-16T07:06:18.263Z,2023-06-16T08:06:18.263Z,389,65.52000000000001
2023-06-16T08:06:18.263Z,2023-06-16T09:06:18.263Z,390,110.16
2023-06-16T09:06:18.263Z,2023-06-16T10:06:18.263Z,391,150.96
2023-06-16T10:06:18.263Z,2023-06-16T11:06:18.263Z,392,183.12
2023-06-16T11:06:18.263Z,2023-06-16T12:06:18.263Z,393,203.76
2023-06-16T12:06:18.263Z,2023-06-16T13:06:18.263Z,394,211.44
2023-06-16T13:06:18.263Z,2023-06-16T14:06:18.263Z,395,204.48
2023-06-16T14:06:18.263Z,2023-06-16T15:06:18.263Z,396,180.72
2023-06-16T15:06:18.263Z,2023-06-16T16:06:18.263Z,397,107.52000000000001
2023-06-16T16:06:18.263Z,2023-06-16T17:06:18.263Z,398,83.03999999999999
2023-06-16T17:06:18.263Z,2023-06-16T18:06:18.263Z,399,63.84
2023-06-16T18:06:18.263Z,2023-06-16T19:06:18.263Z,400,22.56
2023-06-16T19:06:18.263Z,2023-06-16T20:06:18.263Z,401,1.2000000000000002
2023-06-16T20:06:18.263Z,2023-06-16T21:06:18.263Z,402,0
2023-06-16T21:06:18.263Z,2023-06-16T22:06:18.263Z,403,0
2023-06-16T22:06:18.263Z,2023-06-16T23:06:18.263Z,404,0
2023-06-16T23:06:18.263Z,2023-06-17T00:06:18.263Z,405,0
2023-06-17T00:06:18.263Z,2023-06-17T01:06:18.263Z,406,0
2023-06-17T01:06:18.263Z,2023-06-17T02:06:18.263Z,407,0
2023-06-17T02:06:18.263Z,2023-06-17T03:06:18.263Z,408,0
2023-06-17T03:06:18.263Z,2023-06-17T04:06:18.263Z,409,0
2023-06-17T04:06:18.263Z,2023-06-17T05:06:18.263Z,410,0
2023-06-17T05:06:18.263Z,2023-06-17T06:06:18.263Z,411,1.6800000000000002
2023-06-17T06:06:18.263Z,2023-06-17T07:06:18.263Z,412,24
2023-06-17T07:06:18.263Z,2023-06-17T08:06:18.263Z,413,65.28
2023-06-17T08:06:18.263Z,2023-06-17T09:06:18.263Z,414,109.92
2023-06-17T09:06:18.263Z,2023-06-17T10:06:18.263Z,415,150.48
2023-06-17T10:06:18.263Z,2023-06-17T11:06:18.263Z,416,182.39999999999998
2023-06-17T11:06:18.263Z,2023-06-17T12:06:18.263Z,417,203.03999999999996
2023-06-17T12:06:18.263Z,2023-06-17T13:06:18.263Z,418,210
2023-06-17T13:06:18.263Z,2023-06-17T14:06:18.263Z,419,202.79999999999998
2023-06-17T14:06:18.263Z,2023-06-17T15:06:18.263Z,420,147.60000000000002
2023-06-17T15:06:18.263Z,2023-06-17T16:06:18.263Z,421,112.08
2023-06-17T16:06:18.263Z,2023-06-17T17:06:18.263Z,422,79.44
2023-06-17T17:06:18.263Z,2023-06-17T18:06:18.263Z,423,37.44
2023-06-17T18:06:18.263Z,2023-06-17T19:06:18.263Z,424,16.32
2023-06-17T19:06:18.263Z,2023-06-17T20:06:18.263Z,425,0.96
2023-06-17T20:06:18.263Z,2023-06-17T21:06:18.263Z,426,0
2023-06-17T21:06:18.263Z,2023-06-17T22:06:18.263Z,427,0
2023-06-17T22:06:18.263Z,2023-06-17T23:06:18.263Z,428,0
2023-06-17T23:06:18.263Z,2023-06-18T00:06:18.263Z,429,0
2023-06-18T00:06:18.263Z,2023-06-18T01:06:18.263Z,430,0
2023-06-18T01:06:18.263Z,2023-06-18T02:06:18.263Z,431,0
2023-06-18T02:06:18.263Z,2023-06-18T03:06:18.263Z,432,0
2023-06-18T03:06:18.263Z,2023-06-18T04:06:18.263Z,433,0
2023-06-18T04:06:18.263Z,2023-06-18T05:06:18.263Z,434,0
2023-06-18T05:06:18.263Z,2023-06-18T06:06:18.263Z,435,1.44
2023-06-18T06:06:18.263Z,2023-06-18T07:06:18.263Z,436,22.08
2023-06-18T07:06:18.263Z,2023-06-18T08:06:18.263Z,437,55.68000000000001
2023-06-18T08:06:18.263Z,2023-06-18T09:06:18.263Z,438,99.6
2023-06-18T09:06:18.263Z,2023-06-18T10:06:18.263Z,439,151.2
2023-06-18T10:06:18.263Z,2023-06-18T11:06:18.263Z,440,183.12
2023-06-18T11:06:18.263Z,2023-06-18T12:06:18.263Z,441,203.76
2023-06-18T12:06:18.263Z,2023-06-18T13:06:18.263Z,442,206.88
2023-06-18T13:06:18.263Z,2023-06-18T14:06:18.263Z,443,204.24
2023-06-18T14:06:18.263Z,2023-06-18T15:06:18.263Z,444,182.64000000000001
2023-06-18T15:06:18.263Z,2023-06-18T16:06:18.263Z,445,140.64
2023-06-18T16:06:18.263Z,2023-06-18T17:06:18.263Z,446,101.76
2023-06-18T17:06:18.263Z,2023-06-18T18:06:18.263Z,447,63.60000000000001
2023-06-18T18:06:18.263Z,2023-06-18T19:06:18.263Z,448,22.56
2023-06-18T19:06:18.263Z,2023-06-18T20:06:18.263Z,449,1.2000000000000002
2023-06-18T20:06:18.263Z,2023-06-18T21:06:18.263Z,450,0
2023-06-18T21:06:18.263Z,2023-06-18T22:06:18.263Z,451,0
2023-06-18T22:06:18.263Z,2023-06-18T23:06:18.263Z,452,0
2023-06-18T23:06:18.263Z,2023-06-19T00:06:18.263Z,453,0
2023-06-19T00:06:18.263Z,2023-06-19T01:06:18.263Z,454,0
2023-06-19T01:06:18.263Z,2023-06-19T02:06:18.263Z,455,0
2023-06-19T02:06:18.263Z,2023-06-19T03:06:18.263Z,456,0
2023-06-19T03:06:18.263Z,2023-06-19T04:06:18.263Z,457,0
2023-06-19T04:06:18.263Z,2023-06-19T05:06:18.263Z,458,0
2023-06-19T05:06:18.263Z,2023-06-19T06:06:18.263Z,459,1.6800000000000002
2023-06-19T06:06:18.263Z,2023-06-19T07:06:18.263Z,460,21.839999999999996
2023-06-19T07:06:18.263Z,2023-06-19T08:06:18.263Z,461,65.76
2023-06-19T08:06:18.263Z,2023-06-19T09:06:18.263Z,462,108.24
2023-06-19T09:06:18.263Z,2023-06-19T10:06:18.263Z,463,150
2023-06-19T10:06:18.263Z,2023-06-19T11:06:18.263Z,464,183.60000000000002
2023-06-19T11:06:18.263Z,2023-06-19T12:06:18.263Z,465,205.20000000000002
2023-06-19T12:06:18.263Z,2023-06-19T13:06:18.263Z,466,211.44
2023-06-19T13:06:18.263Z,2023-06-19T14:06:18.263Z,467,195.84
2023-06-19T14:06:18.263Z,2023-06-19T15:06:18.263Z,468,179.76
2023-06-19T15:06:18.263Z,2023-06-19T16:06:18.263Z,469,152.16
2023-06-19T16:06:18.263Z,2023-06-19T17:06:18.263Z,470,110.16
2023-06-19T17:06:18.263Z,2023-06-19T18:06:18.263Z,471,64.08
2023-06-19T18:06:18.263Z,2023-06-19T19:06:18.263Z,472,22.56
2023-06-19T19:06:18.263Z,2023-06-19T20:06:18.263Z,473,1.2000000000000002
2023-06-19T20:06:18.263Z,2023-06-19T21:06:18.263Z,474,0
2023-06-19T21:06:18.263Z,2023-06-19T22:06:18.263Z,475,0
2023-06-19T22:06:18.263Z,2023-06-19T23:06:18.263Z,476,0
2023-06-19T23:06:18.263Z,2023-06-20T00:06:18.263Z,477,0
2023-06-20T00:06:18.263Z,2023-06-20T01:06:18.263Z,478,0
2023-06-20T01:06:18.263Z,2023-06-20T02:06:18.263Z,479,0
2023-06-20T02:06:18.263Z,2023-06-20T03:06:18.263Z,480,0
2023-06-20T03:06:18.263Z,2023-06-20T04:06:18.263Z,481,0
2023-06-20T04:06:18.263Z,2023-06-20T05:06:18.263Z,482,0
2023-06-20T05:06:18.263Z,2023-06-20T06:06:18.263Z,483,1.2000000000000002
2023-06-20T06:06:18.263Z,2023-06-20T07:06:18.263Z,484,18.96
2023-06-20T07:06:18.263Z,2023-06-20T08:06:18.263Z,485,56.39999999999999
2023-06-20T08:06:18.263Z,2023-06-20T09:06:18.263Z,486,102.72
2023-06-20T09:06:18.263Z,2023-06-20T10:06:18.263Z,487,146.88
2023-06-20T10:06:18.263Z,2023-06-20T11:06:18.263Z,488,180.96
2023-06-20T11:06:18.263Z,2023-06-20T12:06:18.263Z,489,199.43999999999997
2023-06-20T12:06:18.263Z,2023-06-20T13:06:18.263Z,490,196.79999999999998
2023-06-20T13:06:18.263Z,2023-06-20T14:06:18.263Z,491,184.07999999999998
2023-06-20T14:06:18.263Z,2023-06-20T15:06:18.263Z,492,158.4
2023-06-20T15:06:18.263Z,2023-06-20T16:06:18.263Z,493,105.12
2023-06-20T16:06:18.263Z,2023-06-20T17:06:18.263Z,494,86.64
2023-06-20T17:06:18.263Z,2023-06-20T18:06:18.263Z,495,56.88
2023-06-20T18:06:18.263Z,2023-06-20T19:06:18.263Z,496,22.32
2023-06-20T19:06:18.263Z,2023-06-20T20:06:18.263Z,497,1.2000000000000002
2023-06-20T20:06:18.263Z,2023-06-20T21:06:18.263Z,498,0
2023-06-20T21:06:18.263Z,2023-06-20T22:06:18.263Z,499,0
2023-06-20T22:06:18.263Z,2023-06-20T23:06:18.263Z,500,0
2023-06-20T23:06:18.263Z,2023-06-21T00:06:18.263Z,501,0
2023-06-21T00:06:18.263Z,2023-06-21T01:06:18.263Z,502,0
2023-06-21T01:06:18.263Z,2023-06-21T02:06:18.263Z,503,0
2023-06-21T02:06:18.263Z,2023-06-21T03:06:18.263Z,504,0
2023-06-21T03:06:18.263Z,2023-06-21T04:06:18.263Z,505,24.48
2023-06-21T04:06:18.263Z,2023-06-21T05:06:18.263Z,506,66.24000000000001
2023-06-21T05:06:18.263Z,2023-06-21T06:06:18.263Z,507,111.36000000000001
2023-06-21T06:06:18.263Z,2023-06-21T07:06:18.263Z,508,152.16
2023-06-21T07:06:18.263Z,2023-06-21T08:06:18.263Z,509,184.07999999999998
2023-06-21T08:06:18.263Z,2023-06-21T09:06:18.263Z,510,204.71999999999997
2023-06-21T09:06:18.263Z,2023-06-21T10:06:18.263Z,511,152.16
2023-06-21T10:06:18.263Z,2023-06-21T11:06:18.263Z,512,184.32
2023-06-21T11:06:18.263Z,2023-06-21T12:06:18.263Z,513,204.95999999999998
2023-06-21T12:06:18.263Z,2023-06-21T13:06:18.263Z,514,211.92000000000002
2023-06-21T13:06:18.263Z,2023-06-21T14:06:18.263Z,515,204.95999999999998
2023-06-21T14:06:18.263Z,2023-06-21T15:06:18.263Z,516,184.07999999999998
2023-06-21T15:06:18.263Z,2023-06-21T16:06:18.263Z,517,151.92000000000002
2023-06-21T16:06:18.263Z,2023-06-21T17:06:18.263Z,518,110.4
2023-06-21T17:06:18.263Z,2023-06-21T18:06:18.263Z,519,64.08
2023-06-21T18:06:18.263Z,2023-06-21T19:06:18.263Z,520,23.28
2023-06-21T19:06:18.263Z,2023-06-21T20:06:18.263Z,521,1.2000000000000002
2023-06-21T20:06:18.263Z,2023-06-21T21:06:18.263Z,522,0
2023-06-21T21:06:18.263Z,2023-06-21T22:06:18.263Z,523,0
2023-06-21T22:06:18.263Z,2023-06-21T23:06:18.263Z,524,0
2023-06-21T23:06:18.263Z,2023-06-22T00:06:18.263Z,525,0
2023-06-22T00:06:18.263Z,2023-06-22T01:06:18.263Z,526,0
2023-06-22T01:06:18.263Z,2023-06-22T02:06:18.263Z,527,0
2023-06-22T02:06:18.263Z,2023-06-22T03:06:18.263Z,528,0
2023-06-22T03:06:18.263Z,2023-06-22T04:06:18.263Z,529,0
2023-06-22T04:06:18.263Z,2023-06-22T05:06:18.263Z,530,0
2023-06-22T05:06:18.263Z,2023-06-22T06:06:18.263Z,531,1.6800000000000002
2023-06-22T06:06:18.263Z,2023-06-22T07:06:18.263Z,532,24.48
2023-06-22T07:06:18.263Z,2023-06-22T08:06:18.263Z,533,66.72
2023-06-22T08:06:18.263Z,2023-06-22T09:06:18.263Z,534,111.60000000000001
2023-06-22T09:06:18.263Z,2023-06-22T10:06:18.263Z,535,152.64000000000001
2023-06-22T10:06:18.263Z,2023-06-22T11:06:18.263Z,536,185.04
2023-06-22T11:06:18.263Z,2023-06-22T12:06:18.263Z,537,205.68
2023-06-22T12:06:18.263Z,2023-06-22T13:06:18.263Z,538,212.88000000000002
2023-06-22T13:06:18.263Z,2023-06-22T14:06:18.263Z,539,205.68
2023-06-22T14:06:18.263Z,2023-06-22T15:06:18.263Z,540,184.56
2023-06-22T15:06:18.263Z,2023-06-22T16:06:18.263Z,541,150.24
2023-06-22T16:06:18.263Z,2023-06-22T17:06:18.263Z,542,101.51999999999998
2023-06-22T17:06:18.263Z,2023-06-22T18:06:18.263Z,543,59.279999999999994
2023-06-22T18:06:18.263Z,2023-06-22T19:06:18.263Z,544,19.68
2023-06-22T19:06:18.263Z,2023-06-22T20:06:18.263Z,545,1.2000000000000002
2023-06-22T20:06:18.263Z,2023-06-22T21:06:18.263Z,546,0
2023-06-22T21:06:18.263Z,2023-06-22T22:06:18.263Z,547,0
2023-06-22T22:06:18.263Z,2023-06-22T23:06:18.263Z,548,0
2023-06-22T23:06:18.263Z,2023-06-23T00:06:18.263Z,549,0
2023-06-23T00:06:18.263Z,2023-06-23T01:06:18.263Z,550,0
2023-06-23T01:06:18.263Z,2023-06-23T02:06:18.263Z,551,0
2023-06-23T02:06:18.263Z,2023-06-23T03:06:18.263Z,552,0
2023-06-23T03:06:18.263Z,2023-06-23T04:06:18.263Z,553,0
2023-06-23T04:06:18.263Z,2023-06-23T05:06:18.263Z,554,0
2023-06-23T05:06:18.263Z,2023-06-23T06:06:18.263Z,555,1.6800000000000002
2023-06-23T06:06:18.263Z,2023-06-23T07:06:18.263Z,556,24.240000000000002
2023-06-23T07:06:18.263Z,2023-06-23T08:06:18.263Z,557,66.48000000000002
2023-06-23T08:06:18.263Z,2023-06-23T09:06:18.263Z,558,111.84
2023-06-23T09:06:18.263Z,2023-06-23T10:06:18.263Z,559,153.84
2023-06-23T10:06:18.263Z,2023-06-23T11:06:18.263Z,560,186.72
2023-06-23T11:06:18.263Z,2023-06-23T12:06:18.263Z,561,207.11999999999998
2023-06-23T12:06:18.263Z,2023-06-23T13:06:18.263Z,562,215.04000000000002
2023-06-23T13:06:18.263Z,2023-06-23T14:06:18.263Z,563,207.84
2023-06-23T14:06:18.263Z,2023-06-23T15:06:18.263Z,564,186.24
2023-06-23T15:06:18.263Z,2023-06-23T16:06:18.263Z,565,153.12
2023-06-23T16:06:18.263Z,2023-06-23T17:06:18.263Z,566,112.08
2023-06-23T17:06:18.263Z,2023-06-23T18:06:18.263Z,567,66.72
2023-06-23T18:06:18.263Z,2023-06-23T19:06:18.263Z,568,24.240000000000002
2023-06-23T19:06:18.263Z,2023-06-23T20:06:18.263Z,569,1.44
2023-06-23T20:06:18.263Z,2023-06-23T21:06:18.263Z,570,0
2023-06-23T21:06:18.263Z,2023-06-23T22:06:18.263Z,571,0
2023-06-23T22:06:18.263Z,2023-06-23T23:06:18.263Z,572,0
2023-06-23T23:06:18.263Z,2023-06-24T00:06:18.263Z,573,0
2023-06-24T00:06:18.263Z,2023-06-24T01:06:18.263Z,574,0
2023-06-24T01:06:18.263Z,2023-06-24T02:06:18.263Z,575,0
2023-06-24T02:06:18.263Z,2023-06-24T03:06:18.263Z,576,0
2023-06-24T03:06:18.263Z,2023-06-24T04:06:18.263Z,577,0
2023-06-24T04:06:18.263Z,2023-06-24T05:06:18.263Z,578,0
2023-06-24T05:06:18.263Z,2023-06-24T06:06:18.263Z,579,1.6800000000000002
2023-06-24T06:06:18.263Z,2023-06-24T07:06:18.263Z,580,24.72
2023-06-24T07:06:18.263Z,2023-06-24T08:06:18.263Z,581,67.44000000000001
2023-06-24T08:06:18.263Z,2023-06-24T09:06:18.263Z,582,113.28
2023-06-24T09:06:18.263Z,2023-06-24T10:06:18.263Z,583,155.04
2023-06-24T10:06:18.263Z,2023-06-24T11:06:18.263Z,584,187.68
2023-06-24T11:06:18.263Z,2023-06-24T12:06:18.263Z,585,208.56
2023-06-24T12:06:18.263Z,2023-06-24T13:06:18.263Z,586,215.04000000000002
2023-06-24T13:06:18.263Z,2023-06-24T14:06:18.263Z,587,207.60000000000002
2023-06-24T14:06:18.263Z,2023-06-24T15:06:18.263Z,588,186.96
2023-06-24T15:06:18.263Z,2023-06-24T16:06:18.263Z,589,154.32
2023-06-24T16:06:18.263Z,2023-06-24T17:06:18.263Z,590,113.28
2023-06-24T17:06:18.263Z,2023-06-24T18:06:18.263Z,591,67.67999999999999
2023-06-24T18:06:18.263Z,2023-06-24T19:06:18.263Z,592,24.96
2023-06-24T19:06:18.263Z,2023-06-24T20:06:18.263Z,593,1.6800000000000002
2023-06-24T20:06:18.263Z,2023-06-24T21:06:18.263Z,594,0
2023-06-24T21:06:18.263Z,2023-06-24T22:06:18.263Z,595,0
2023-06-24T22:06:18.263Z,2023-06-24T23:06:18.263Z,596,0
2023-06-24T23:06:18.263Z,2023-06-25T00:06:18.263Z,597,0
2023-06-25T00:06:18.263Z,2023-06-25T01:06:18.263Z,598,0
2023-06-25T01:06:18.263Z,2023-06-25T02:06:18.263Z,599,0
2023-06-25T02:06:18.263Z,2023-06-25T03:06:18.263Z,600,0
2023-06-25T03:06:18.263Z,2023-06-25T04:06:18.263Z,601,0
2023-06-25T04:06:18.263Z,2023-06-25T05:06:18.263Z,602,0
2023-06-25T05:06:18.263Z,2023-06-25T06:06:18.263Z,603,1.6800000000000002
2023-06-25T06:06:18.263Z,2023-06-25T07:06:18.263Z,604,24.48
2023-06-25T07:06:18.263Z,2023-06-25T08:06:18.263Z,605,66.96000000000001
2023-06-25T08:06:18.263Z,2023-06-25T09:06:18.263Z,606,112.79999999999998
2023-06-25T09:06:18.263Z,2023-06-25T10:06:18.263Z,607,154.56
2023-06-25T10:06:18.263Z,2023-06-25T11:06:18.263Z,608,187.20000000000002
2023-06-25T11:06:18.263Z,2023-06-25T12:06:18.263Z,609,207.60000000000002
2023-06-25T12:06:18.263Z,2023-06-25T13:06:18.263Z,610,214.32
2023-06-25T13:06:18.263Z,2023-06-25T14:06:18.263Z,611,207.36
2023-06-25T14:06:18.263Z,2023-06-25T15:06:18.263Z,612,186.96
2023-06-25T15:06:18.263Z,2023-06-25T16:06:18.263Z,613,154.56
2023-06-25T16:06:18.263Z,2023-06-25T17:06:18.263Z,614,114
2023-06-25T17:06:18.263Z,2023-06-25T18:06:18.263Z,615,68.88
2023-06-25T18:06:18.263Z,2023-06-25T19:06:18.263Z,616,25.44
2023-06-25T19:06:18.263Z,2023-06-25T20:06:18.263Z,617,1.6800000000000002
2023-06-25T20:06:18.263Z,2023-06-25T21:06:18.263Z,618,0
2023-06-25T21:06:18.263Z,2023-06-25T22:06:18.263Z,619,0
2023-06-25T22:06:18.263Z,2023-06-25T23:06:18.263Z,620,0
2023-06-25T23:06:18.263Z,2023-06-26T00:06:18.263Z,621,0
2023-06-26T00:06:18.263Z,2023-06-26T01:06:18.263Z,622,0
2023-06-26T01:06:18.263Z,2023-06-26T02:06:18.263Z,623,0
2023-06-26T02:06:18.263Z,2023-06-26T03:06:18.263Z,624,0
2023-06-26T03:06:18.263Z,2023-06-26T04:06:18.263Z,625,0
2023-06-26T04:06:18.263Z,2023-06-26T05:06:18.263Z,626,0
2023-06-26T05:06:18.263Z,2023-06-26T06:06:18.263Z,627,1.44
2023-06-26T06:06:18.263Z,2023-06-26T07:06:18.263Z,628,24.48
2023-06-26T07:06:18.263Z,2023-06-26T08:06:18.263Z,629,66.96000000000001
2023-06-26T08:06:18.263Z,2023-06-26T09:06:18.263Z,630,112.79999999999998
2023-06-26T09:06:18.263Z,2023-06-26T10:06:18.263Z,631,155.04
2023-06-26T10:06:18.263Z,2023-06-26T11:06:18.263Z,632,188.16
2023-06-26T11:06:18.263Z,2023-06-26T12:06:18.263Z,633,209.28000000000003
2023-06-26T12:06:18.263Z,2023-06-26T13:06:18.263Z,634,216.72000000000003
2023-06-26T13:06:18.263Z,2023-06-26T14:06:18.263Z,635,210.24
2023-06-26T14:06:18.263Z,2023-06-26T15:06:18.263Z,636,188.4
2023-06-26T15:06:18.263Z,2023-06-26T16:06:18.263Z,637,155.52
2023-06-26T16:06:18.263Z,2023-06-26T17:06:18.263Z,638,114.96000000000001
2023-06-26T17:06:18.263Z,2023-06-26T18:06:18.263Z,639,69.12
2023-06-26T18:06:18.263Z,2023-06-26T19:06:18.263Z,640,25.200000000000003
2023-06-26T19:06:18.263Z,2023-06-26T20:06:18.263Z,641,1.44
2023-06-26T20:06:18.263Z,2023-06-26T21:06:18.263Z,642,0
2023-06-26T21:06:18.263Z,2023-06-26T22:06:18.263Z,643,0
2023-06-26T22:06:18.263Z,2023-06-26T23:06:18.263Z,644,0
2023-06-26T23:06:18.263Z,2023-06-27T00:06:18.263Z,645,0
2023-06-27T00:06:18.263Z,2023-06-27T01:06:18.263Z,646,0
2023-06-27T01:06:18.263Z,2023-06-27T02:06:18.263Z,647,0
2023-06-27T02:06:18.263Z,2023-06-27T03:06:18.263Z,648,0
2023-06-27T03:06:18.263Z,2023-06-27T04:06:18.263Z,649,0
2023-06-27T04:06:18.263Z,2023-06-27T05:06:18.263Z,650,0
2023-06-27T05:06:18.263Z,2023-06-27T06:06:18.263Z,651,1.44
2023-06-27T06:06:18.263Z,2023-06-27T07:06:18.263Z,652,24.240000000000002
2023-06-27T07:06:18.263Z,2023-06-27T08:06:18.263Z,653,66.48000000000002
2023-06-27T08:06:18.263Z,2023-06-27T09:06:18.263Z,654,111.84
2023-06-27T09:06:18.263Z,2023-06-27T10:06:18.263Z,655,153.12
2023-06-27T10:06:18.263Z,2023-06-27T11:06:18.263Z,656,186
2023-06-27T11:06:18.263Z,2023-06-27T12:06:18.263Z,657,206.64
2023-06-27T12:06:18.263Z,2023-06-27T13:06:18.263Z,658,213.12
2023-06-27T13:06:18.263Z,2023-06-27T14:06:18.263Z,659,205.68
2023-06-27T14:06:18.263Z,2023-06-27T15:06:18.263Z,660,184.8
2023-06-27T15:06:18.263Z,2023-06-27T16:06:18.263Z,661,152.16
2023-06-27T16:06:18.263Z,2023-06-27T17:06:18.263Z,662,111.60000000000001
2023-06-27T17:06:18.263Z,2023-06-27T18:06:18.263Z,663,66.72
2023-06-27T18:06:18.263Z,2023-06-27T19:06:18.263Z,664,24.48
2023-06-27T19:06:18.263Z,2023-06-27T20:06:18.263Z,665,1.44
2023-06-27T20:06:18.263Z,2023-06-27T21:06:18.263Z,666,0
2023-06-27T21:06:18.263Z,2023-06-27T22:06:18.263Z,667,0
2023-06-27T22:06:18.263Z,2023-06-27T23:06:18.263Z,668,0
2023-06-27T23:06:18.263Z,2023-06-28T00:06:18.263Z,669,0
2023-06-28T00:06:18.263Z,2023-06-28T01:06:18.263Z,670,0
2023-06-28T01:06:18.263Z,2023-06-28T02:06:18.263Z,671,0
2023-06-28T02:06:18.263Z,2023-06-28T03:06:18.263Z,672,0
2023-06-28T03:06:18.263Z,2023-06-28T04:06:18.263Z,673,0
2023-06-28T04:06:18.263Z,2023-06-28T05:06:18.263Z,674,0
2023-06-28T05:06:18.263Z,2023-06-28T06:06:18.263Z,675,1.44
2023-06-28T06:06:18.263Z,2023-06-28T07:06:18.263Z,676,23.28
2023-06-28T07:06:18.263Z,2023-06-28T08:06:18.263Z,677,65.03999999999999
2023-06-28T08:06:18.263Z,2023-06-28T09:06:18.263Z,678,110.16
2023-06-28T09:06:18.263Z,2023-06-28T10:06:18.263Z,679,151.68
2023-06-28T10:06:18.263Z,2023-06-28T11:06:18.263Z,680,184.56
2023-06-28T11:06:18.263Z,2023-06-28T12:06:18.263Z,681,205.68
2023-06-28T12:06:18.263Z,2023-06-28T13:06:18.263Z,682,212.88000000000002
2023-06-28T13:06:18.263Z,2023-06-28T14:06:18.263Z,683,205.68
2023-06-28T14:06:18.263Z,2023-06-28T15:06:18.263Z,684,184.56
2023-06-28T15:06:18.263Z,2023-06-28T16:06:18.263Z,685,151.68
2023-06-28T16:06:18.263Z,2023-06-28T17:06:18.263Z,686,109.19999999999999
2023-06-28T17:06:18.263Z,2023-06-28T18:06:18.263Z,687,62.400000000000006
2023-06-28T18:06:18.263Z,2023-06-28T19:06:18.263Z,688,17.28
2023-06-28T19:06:18.263Z,2023-06-28T20:06:18.263Z,689,1.44
2023-06-28T20:06:18.263Z,2023-06-28T21:06:18.263Z,690,0
2023-06-28T21:06:18.263Z,2023-06-28T22:06:18.263Z,691,0
2023-06-28T22:06:18.263Z,2023-06-28T23:06:18.263Z,692,0
2023-06-28T23:06:18.263Z,2023-06-29T00:06:18.263Z,693,0
2023-06-29T00:06:18.263Z,2023-06-29T01:06:18.263Z,694,0
2023-06-29T01:06:18.263Z,2023-06-29T02:06:18.263Z,695,0
2023-06-29T02:06:18.263Z,2023-06-29T03:06:18.263Z,696,0
2023-06-29T03:06:18.263Z,2023-06-29T04:06:18.263Z,697,0
2023-06-29T04:06:18.263Z,2023-06-29T05:06:18.263Z,698,0
2023-06-29T05:06:18.263Z,2023-06-29T06:06:18.263Z,699,1.44
2023-06-29T06:06:18.263Z,2023-06-29T07:06:18.263Z,700,23.28
2023-06-29T07:06:18.263Z,2023-06-29T08:06:18.263Z,701,65.28
2023-06-29T08:06:18.263Z,2023-06-29T09:06:18.263Z,702,110.88
2023-06-29T09:06:18.263Z,2023-06-29T10:06:18.263Z,703,152.64000000000001
2023-06-29T10:06:18.263Z,2023-06-29T11:06:18.263Z,704,185.76
2023-06-29T11:06:18.263Z,2023-06-29T12:06:18.263Z,705,207.11999999999998
2023-06-29T12:06:18.263Z,2023-06-29T13:06:18.263Z,706,214.56
2023-06-29T13:06:18.263Z,2023-06-29T14:06:18.263Z,707,207.11999999999998
2023-06-29T14:06:18.263Z,2023-06-29T15:06:18.263Z,708,186
2023-06-29T15:06:18.263Z,2023-06-29T16:06:18.263Z,709,152.16
2023-06-29T16:06:18.263Z,2023-06-29T17:06:18.263Z,710,107.52000000000001
2023-06-29T17:06:18.263Z,2023-06-29T18:06:18.263Z,711,65.76
2023-06-29T18:06:18.263Z,2023-06-29T19:06:18.263Z,712,24.72
2023-06-29T19:06:18.263Z,2023-06-29T20:06:18.263Z,713,1.44
2023-06-29T20:06:18.263Z,2023-06-29T21:06:18.263Z,714,0
2023-06-29T21:06:18.263Z,2023-06-29T22:06:18.263Z,715,0
2023-06-29T22:06:18.263Z,2023-06-29T23:06:18.263Z,716,0
2023-06-29T23:06:18.263Z,2023-06-30T00:06:18.263Z,717,0
2023-06-30T00:06:18.263Z,2023-06-30T01:06:18.263Z,718,0
2023-06-30T01:06:18.263Z,2023-06-30T02:06:18.263Z,719,0
2023-06-30T02:06:18.263Z,2023-06-30T03:06:18.263Z,720,0
2023-06-30T03:06:18.263Z,2023-06-30T04:06:18.263Z,721,0
2023-06-30T04:06:18.263Z,2023-06-30T05:06:18.263Z,722,0
2023-06-30T05:06:18.263Z,2023-06-30T06:06:18.263Z,723,1.44
2023-06-30T06:06:18.263Z,2023-06-30T07:06:18.263Z,724,22.799999999999997
2023-06-30T07:06:18.263Z,2023-06-30T08:06:18.263Z,725,64.32000000000001
2023-06-30T08:06:18.263Z,2023-06-30T09:06:18.263Z,726,108.96000000000001
2023-06-30T09:06:18.263Z,2023-06-30T10:06:18.263Z,727,149.52
2023-06-30T10:06:18.263Z,2023-06-30T11:06:18.263Z,728,181.68
2023-06-30T11:06:18.263Z,2023-06-30T12:06:18.263Z,729,202.79999999999998
2023-06-30T12:06:18.263Z,2023-06-30T13:06:18.263Z,730,210.71999999999997
2023-06-30T13:06:18.263Z,2023-06-30T14:06:18.263Z,731,204
2023-06-30T14:06:18.263Z,2023-06-30T15:06:18.263Z,732,184.07999999999998
2023-06-30T15:06:18.263Z,2023-06-30T16:06:18.263Z,733,152.88
2023-06-30T16:06:18.263Z,2023-06-30T17:06:18.263Z,734,111.84
2023-06-30T17:06:18.263Z,2023-06-30T18:06:18.263Z,735,66.48000000000002
2023-06-30T18:06:18.263Z,2023-06-30T19:06:18.263Z,736,24.240000000000002
2023-06-30T19:06:18.263Z,2023-06-30T20:06:18.263Z,737,1.44
2023-06-30T20:06:18.263Z,2023-06-30T21:06:18.263Z,738,0
2023-06-30T21:06:18.263Z,2023-06-30T22:06:18.263Z,739,0
2023-06-30T22:06:18.263Z,2023-06-30T23:06:18.263Z,740,0
2023-06-30T23:06:18.263Z,2023-07-01T00:06:18.263Z,741,0
2023-07-01T00:06:18.263Z,2023-07-01T01:06:18.263Z,742,0
2023-07-01T01:06:18.263Z,2023-07-01T02:06:18.263Z,743,0
